year_month,ward,kind,rate1_estimate,rate1_lower_95,rate1_upper_95,emergency_coeff,index_with_coeff,index_lower_95_with_coeff,index_upper_95_with_coeff,target_threshold,passes_at_point,passes_at_upper_ci,passes_at_lower_ci
202604,5F,I,0.18368272527114982,0.16469167461270112,0.2054700016559392,0.0148,0.19848272527114982,0.17949167461270113,0.2202700016559392,0.19,True,True,False
202604,5F,II,0.16782542375273413,0.15352527660206786,0.18548867445098027,0.0148,0.18262542375273413,0.16832527660206786,0.20028867445098028,0.18,True,True,False
202604,6F,I,0.1461913832391431,0.12190707362778819,0.16858248315064792,0.0148,0.1609913832391431,0.1367070736277882,0.18338248315064792,0.19,False,False,False
202604,6F,II,0.11338888647254303,0.09108665682220597,0.13687490941812486,0.0148,0.12818888647254303,0.10588665682220597,0.15167490941812486,0.18,False,False,False
