ward,outcome,estimate,ci_low,ci_high,projected_denominator,observed_days,admission_cutoff_day,loo_mae,estimate_pct,ci_low_pct,ci_high_pct,loo_mae_pct
5F,I,0.18541993986930552,0.12361331220285261,0.25118858954041207,1262.142857142857,28,25,0.025475849294375782,18.541993986930553,12.361331220285262,25.118858954041208,2.547584929437578
5F,II,0.16678190145412616,0.10855784469096671,0.21711568938193343,1262.142857142857,28,25,0.02135635586921294,16.678190145412618,10.85578446909667,21.71156893819334,2.135635586921294
6F,I,0.15570205742029727,0.08021806853582554,0.23753894080996885,1283.5714285714287,28,25,0.03825218842197609,15.570205742029728,8.021806853582554,23.753894080996886,3.8252188421976094
6F,II,0.11947632508820119,0.04439252336448598,0.21730919003115237,1283.5714285714287,28,25,0.03921126941229419,11.947632508820119,4.439252336448598,21.730919003115236,3.921126941229419
